StudentID,Age,Gender,Ethnicity,ParentalEducation,StudyTimeWeekly,Absences,Tutoring,ParentalSupport,Extracurricular,Sports,Music,Volunteering,GPA,GradeClass
1001,17,1,0,2,19.83372280785472,7,1,2,0,0,1,0,2.929195591667681,2.0
1002,18,0,0,1,15.40875605584674,0,0,1,0,0,0,0,3.042914833436377,1.0
1003,15,0,2,3,4.21056976881226,26,0,2,0,0,0,0,0.1126022544661815,4.0
1004,17,1,0,3,10.028829473958217,14,0,3,1,0,0,0,2.0542181397029484,3.0
1005,17,1,0,2,4.6724952729713305,17,1,3,0,0,0,0,1.2880611817953875,4.0
1006,18,0,0,1,8.191218545250186,0,0,1,1,0,0,0,3.0841836144863937,1.0
1007,15,0,1,1,15.601680474699297,10,0,3,0,1,0,0,2.748237414891583,2.0
1008,15,1,1,4,15.424496305808074,22,1,1,1,0,0,0,1.360142712316461,4.0
1009,17,0,0,0,4.562007558047703,1,0,2,0,1,0,1,2.896819189513569,2.0
1010,16,1,0,1,18.4444663630972,0,0,3,1,0,0,0,3.5734742103297656,0.0
1011,17,0,0,1,11.851363655296536,11,0,1,0,0,0,0,2.1471716250185144,3.0
1012,17,0,0,1,7.59848581924029,15,0,2,0,0,0,1,1.5595945190402771,4.0
1013,17,0,1,1,10.038711615617212,21,0,3,1,0,0,0,1.520077814874808,4.0
1014,17,0,1,2,12.101425068754876,21,0,4,0,1,0,0,1.7515809583340785,4.0
1015,18,1,0,1,11.197810636915708,9,1,2,0,0,0,0,2.396788117124796,3.0
1016,15,0,0,2,9.728100710723565,17,1,0,0,1,0,0,1.3415207165346672,4.0
1017,18,0,3,1,10.098656081788002,14,0,2,1,1,0,0,2.232175277715976,3.0
1018,18,1,0,0,3.5282382085577235,16,1,2,0,0,0,0,1.3844041756940335,4.0
1019,18,0,1,3,16.25465808609359,29,0,2,1,0,0,1,0.4695533233798704,4.0
1020,17,0,0,1,10.835206398820308,9,0,2,0,0,1,0,2.3957840945307,3.0
1021,16,1,0,3,2.621597234094062,2,0,3,0,0,0,1,2.778411299920653,2.0
1022,15,0,0,2,15.32314203165556,25,0,1,1,0,0,0,0.3468940367050148,4.0
1023,16,1,1,0,18.648879567547016,29,1,1,0,0,0,0,0.3125462305253549,4.0
1024,18,1,3,4,18.94613798473924,20,0,2,1,0,0,0,1.7701318767799732,4.0
1025,18,1,0,1,7.380354648223455,15,0,2,0,0,0,0,1.5051556220362858,4.0
1026,16,1,0,3,2.7103374712150807,5,0,4,0,0,1,0,2.977851918315743,2.0
1027,16,0,0,1,10.367992532661304,2,0,2,0,1,0,0,2.948717671911921,2.0
1028,16,1,0,3,2.2521845869844137,8,0,3,0,0,1,0,2.145204720467192,3.0
1029,18,0,0,0,18.679748370252344,10,0,3,1,0,0,0,2.854803928981318,2.0
1030,18,0,0,2,3.67159254710292,20,0,3,1,0,0,0,1.519441725815139,4.0
1031,15,0,2,2,5.055317199023282,12,1,0,0,1,0,0,1.727120309522409,4.0
1032,15,0,0,3,8.132730537699409,17,0,4,0,0,0,1,1.8475354711387904,4.0
1033,18,0,0,3,7.663289371182516,25,0,1,0,1,0,0,0.3846169728564877,4.0
1034,16,0,3,3,15.89325784795778,21,0,0,1,1,0,0,0.94940609779728,4.0
1035,16,0,0,3,9.126336411019247,27,1,2,1,1,0,0,1.1409594184203395,4.0
1036,15,0,3,1,3.415365200066738,23,0,1,0,0,0,0,0.2614722600507521,4.0
1037,18,0,0,1,5.344197909721482,26,1,1,0,0,0,0,0.2182848568210317,4.0
1038,15,0,2,1,10.18226770375044,21,1,1,0,1,0,0,1.0677635510419796,4.0
1039,15,1,1,1,2.949078348522698,3,1,1,1,1,0,0,3.0189058584279675,1.0
1040,17,1,2,1,12.233113512920282,21,1,3,1,1,0,0,1.5268678317927231,4.0
1041,17,1,3,2,11.314946131022918,23,1,1,0,0,0,0,1.0582873996898603,4.0
1042,17,0,0,1,14.294046327645152,7,0,2,0,0,0,0,2.625128097732231,2.0
1043,16,1,3,2,18.75409230758736,12,1,4,0,0,0,0,2.8087548220286536,2.0
1044,18,1,0,1,18.24509122202312,9,0,2,0,1,0,0,2.888891669272444,2.0
1045,18,1,0,1,18.921512361376628,1,1,3,1,1,0,0,4.0,0.0
1046,18,0,0,2,4.894311940474019,7,0,4,0,0,1,0,2.515300272256249,2.0
1047,18,0,1,2,2.6313061327870924,5,0,1,1,0,0,0,2.5637654300150947,2.0
1048,17,0,0,2,6.04553400992897,15,0,2,0,0,0,0,1.7036118032323682,4.0
1049,16,0,1,2,17.90170345532629,17,0,3,0,0,1,0,2.0998851567205854,3.0
1050,16,1,1,1,19.441069492469765,16,0,4,1,0,0,0,2.4610469629080955,3.0
1051,17,1,2,2,17.18649902140952,5,0,3,0,0,0,0,2.935477191694632,2.0
1052,16,1,2,0,2.200354422550872,12,1,1,1,0,1,0,1.9863780592187463,4.0
1053,17,1,0,1,18.948559961195865,22,0,4,0,0,1,0,1.5715441913992825,4.0
1054,18,0,0,2,8.46716054701572,13,0,1,0,1,0,0,1.6643106896610833,4.0
1055,17,0,0,0,0.1862058152470735,29,1,2,1,1,0,0,0.7562591665741925,4.0
1056,18,0,0,1,8.847874814963872,25,0,2,0,1,0,0,0.8027695392342074,4.0
1057,18,1,0,4,0.9213833935093518,20,0,2,0,1,1,0,1.3423871779577343,4.0
1058,15,0,0,4,10.87755842322235,29,0,3,1,0,0,0,0.2865712882866222,4.0
1059,17,0,0,1,6.771080548741026,9,1,3,0,1,0,0,2.61383869367367,2.0
1060,15,1,3,0,9.468698671880976,23,0,3,0,1,0,0,0.9290125546259368,4.0
1061,17,1,1,1,12.26340721486234,10,0,0,1,0,1,0,1.892758695926592,4.0
1062,17,0,0,1,17.376021916356407,12,0,2,0,0,1,0,2.331261549308754,3.0
1063,15,0,1,3,13.238031529438572,11,0,3,0,1,0,0,2.234238472600233,3.0
1064,15,0,0,1,8.680977369563614,8,0,2,0,1,0,0,2.3858282190764624,3.0
1065,17,0,0,2,16.388557073407302,3,1,4,0,0,0,0,3.347356743507809,1.0
1066,16,0,1,1,18.111642751462643,6,1,3,1,0,0,0,3.2618553073332905,1.0
1067,18,0,0,4,2.3951993286439444,23,0,3,0,1,0,0,1.0396238791477144,4.0
1068,15,1,0,1,10.638659551055827,28,0,0,0,1,0,0,0.0278186247324679,4.0
1069,18,1,3,2,5.690239194848883,21,1,3,0,0,1,0,1.3299645378768772,4.0
1070,16,1,2,1,0.941223957538948,1,0,4,0,0,1,0,3.283916521897384,1.0
1071,16,0,1,2,13.370933902279706,6,0,2,1,0,0,0,2.937454182316864,2.0
1072,16,1,1,1,17.255415549184512,28,0,3,0,0,1,1,0.7388682028052602,4.0
1073,15,0,1,1,3.258053089547881,8,0,2,1,1,0,0,2.556801662833417,2.0
1074,16,0,0,3,16.24827315247801,4,1,2,0,0,0,0,3.300928568970799,1.0
1075,15,1,0,3,17.067914670738833,14,0,3,1,0,1,0,2.200682946560561,3.0
1076,16,0,0,3,18.28680885332967,17,0,3,0,1,0,0,1.8558655731681928,4.0
1077,18,0,0,2,5.305701781721048,3,0,3,0,0,0,0,2.734401494419992,2.0
1078,18,1,1,3,18.079061303797783,18,1,1,1,1,0,0,2.1317372971872284,3.0
1079,17,1,0,0,6.413255094728645,19,0,1,0,0,0,0,0.9797699107752862,4.0
1080,18,1,3,1,11.046760269110056,25,0,3,0,1,0,0,0.994325023551287,4.0
1081,17,0,3,1,1.0101494166456426,6,0,1,0,1,0,0,2.0746999767813343,3.0
1082,18,1,2,2,0.8776217673748721,25,0,2,0,0,0,0,0.500508035804656,4.0
1083,15,1,1,1,14.407464254644058,7,0,0,1,1,0,0,2.532438417587673,2.0
1084,18,0,2,1,8.88959955955582,16,0,1,0,1,0,0,1.4633780357856976,4.0
1085,17,1,0,2,5.125847507384352,12,0,3,1,1,0,0,2.342836773191855,3.0
1086,17,1,2,3,3.808269920498204,23,0,3,0,0,0,0,1.1588463344506037,4.0
1087,16,1,0,1,13.399069817184362,20,1,1,1,0,1,1,1.5237487447337323,4.0
1088,15,0,2,1,0.0080308805067974,27,0,1,0,0,1,0,0.0,4.0
1089,18,0,0,1,16.117823383937086,22,0,0,1,0,1,0,1.0586220144439875,4.0
1090,16,0,2,1,1.5849921225985764,10,0,2,0,0,1,1,2.2297401841747666,3.0
1091,18,0,3,1,3.829792298162389,26,0,1,0,0,0,1,0.1947432807455151,4.0
1092,18,1,0,2,7.724727905981792,0,0,2,1,1,0,0,3.5069200713692137,0.0
1093,16,0,0,2,9.697174794322072,1,1,3,0,0,0,0,3.552286943350944,0.0
1094,16,0,3,2,7.099902316278836,16,1,3,0,1,0,0,2.23849135429023,3.0
1095,16,1,0,1,6.414243299685878,4,0,1,1,1,0,0,2.7084723438568763,2.0
1096,16,1,2,3,19.278320241463767,29,0,3,0,0,0,1,0.7329082339013866,4.0
1097,16,1,1,1,12.831593624867883,29,0,4,0,0,1,0,0.9654824453045304,4.0
1098,18,0,0,2,0.4686591073477641,5,0,2,0,1,0,0,2.5552328599380942,2.0
1099,16,0,0,3,8.603518168886264,25,0,2,1,0,1,1,0.7443222999212357,4.0
1100,15,0,0,1,17.500173994879404,24,0,2,0,0,0,0,0.7220565813951911,4.0
1101,17,1,2,1,6.029123728213359,23,1,1,1,1,0,1,1.2712295298373406,4.0
1102,16,1,0,3,1.8911268954877647,6,0,3,1,0,1,1,2.52614214142023,2.0
1103,16,0,1,1,15.167695431798355,27,0,3,1,1,0,0,0.9424153953595232,4.0
1104,18,1,0,2,12.120276638721624,20,1,2,0,1,0,0,1.515639098395023,4.0
1105,16,1,1,0,11.406250156530078,29,0,3,1,0,0,0,0.6482739267081915,4.0
1106,16,1,2,2,1.0715311921481585,14,0,3,0,1,1,1,2.0488500821388604,3.0
1107,16,0,3,1,2.8099801959103465,18,0,0,1,0,0,1,0.8422959992571388,4.0
1108,18,1,0,0,12.450987924262275,15,0,1,0,1,0,0,1.4641879236906472,4.0
1109,16,1,2,2,4.156476829176716,24,1,3,1,1,0,0,1.487946865169799,4.0
1110,17,0,2,1,10.081401594968488,12,1,4,0,0,0,0,2.587565796370635,2.0
1111,18,0,1,1,10.89763372058787,4,1,3,0,0,0,0,3.2208069781948727,1.0
1112,17,1,3,0,5.670143805418788,2,1,4,0,0,1,0,3.5451594318003106,0.0
1113,18,1,0,1,18.968503110829857,2,0,2,0,0,0,0,3.089598953074648,1.0
1114,16,0,0,1,16.8492821367115,18,1,1,0,1,1,0,1.919956439918208,4.0
1115,17,0,2,0,14.44747015265597,13,1,2,0,0,0,0,2.198593184586961,3.0
1116,18,1,0,3,1.5598773281881817,15,0,0,0,0,0,1,0.8782126167627767,4.0
1117,15,1,2,0,2.122600386180389,21,0,3,1,0,1,0,1.340368647512407,4.0
1118,16,1,2,2,9.855626917299114,16,0,4,0,0,0,0,1.8195113357139088,4.0
1119,18,1,0,1,3.214266983819713,26,0,3,0,1,0,0,0.6193509314675341,4.0
1120,15,0,2,1,19.56530927058948,3,0,2,1,0,1,1,3.619460869693516,0.0
1121,18,1,0,3,3.170404680548189,12,1,1,1,1,0,0,2.17490279620988,3.0
1122,15,1,1,1,9.74935670927948,7,1,1,0,1,1,0,2.974406014911044,2.0
1123,16,0,1,4,7.282421136830108,18,0,2,0,0,0,0,0.9807358437488028,4.0
1124,17,1,3,1,12.78772842908196,4,0,3,0,0,0,0,3.101673809015105,1.0
1125,15,0,0,2,2.5807281777884983,1,1,2,1,0,1,0,3.4982573417733205,1.0
1126,18,1,0,2,8.606328560847817,14,0,4,1,0,0,0,2.590553445052984,2.0
1127,16,1,1,3,5.494100656142873,1,0,3,1,0,0,0,3.5350037581843186,0.0
1128,15,0,2,2,17.75503049343376,10,1,1,0,1,0,0,2.8199217452931866,2.0
1129,18,0,1,2,0.8117142426939017,12,1,1,1,1,0,0,2.0165967745176614,3.0
1130,18,1,0,1,18.274549880129182,22,1,3,0,0,0,0,1.3711850388917164,4.0
1131,18,1,0,1,16.65988277106001,9,0,1,0,0,0,0,2.1047955879699045,3.0
1132,15,1,0,3,5.951414328816309,2,0,3,0,0,0,0,3.030439088696523,1.0
1133,15,0,2,1,15.785813093542094,4,1,2,0,1,0,0,3.58242187231196,0.0
1134,15,1,0,1,0.6242712067749512,2,0,1,1,0,0,0,2.4265467060392454,3.0
1135,17,0,0,2,19.33731100586787,5,1,2,1,0,0,0,3.161436270258364,1.0
1136,15,0,3,1,10.531898851795788,12,0,2,1,0,0,0,2.122638529628868,3.0
1137,15,1,0,4,6.065620521308905,9,0,3,0,1,0,0,2.204860580997317,3.0
1138,15,0,3,2,7.251664251893541,18,0,0,1,0,1,1,1.182987500498048,4.0
1139,17,1,1,2,1.3281070692099473,7,0,3,1,0,0,0,2.7387957163436,2.0
1140,15,1,2,3,19.786990280840783,17,1,3,0,0,0,0,2.2379013009826028,3.0
1141,18,1,0,0,0.7858389030138491,2,0,3,1,0,0,0,3.139481546380388,1.0
1142,15,1,0,1,13.09814246295718,23,1,0,1,1,0,0,1.0460447710800969,4.0
1143,18,1,2,2,8.854718554129166,23,1,3,0,0,0,0,0.8164582452137992,4.0
1144,18,0,2,1,18.978324363774306,16,0,2,1,0,1,0,2.03354462052118,3.0
1145,18,0,2,2,4.919994806135904,7,1,2,1,1,0,0,2.432078522782237,3.0
1146,17,1,0,3,10.641736478760226,9,0,3,1,0,0,0,2.6597713195279016,2.0
1147,17,1,2,2,9.64712417165506,1,1,2,1,0,0,1,3.588887939765012,0.0
1148,17,0,2,1,14.057328881002029,11,0,3,0,1,0,0,2.3145876278110027,3.0
1149,15,0,1,4,1.3602046390484102,22,0,1,1,1,0,1,1.00722582021403,4.0
1150,18,0,2,2,3.875782600467097,5,0,3,1,0,0,0,2.8816123214605245,2.0
1151,17,0,2,2,4.291296401856997,1,0,1,0,1,1,0,2.804504928911685,2.0
1152,17,1,1,1,14.763015096833794,20,1,3,0,1,0,0,1.7629211240998668,4.0
1153,15,1,0,3,3.7827739265348015,22,0,4,1,0,0,1,1.11991126295732,4.0
1154,17,0,0,2,11.469835277819534,23,0,2,0,0,0,0,1.0306575057198797,4.0
1155,15,1,0,2,4.304876410019074,2,0,2,1,0,0,0,3.0756193536614336,1.0
1156,16,0,0,3,17.232499001679567,16,1,3,1,1,0,0,2.631434065124418,2.0
1157,17,1,0,1,18.84370908979277,28,0,0,0,1,1,1,0.5030669073279145,4.0
1158,16,0,0,2,10.369859498844807,6,0,2,0,0,0,0,2.784237837142815,2.0
1159,15,1,0,3,7.046177684183565,28,0,2,0,0,0,0,0.2476267650865634,4.0
1160,18,0,0,1,4.681155500349982,20,0,3,0,0,0,1,1.189548769618786,4.0
1161,17,0,2,2,0.9956200304608752,4,1,3,1,0,0,1,3.37599400880284,1.0
1162,15,1,3,3,5.370001523949908,22,1,3,0,0,0,0,1.293573556445951,4.0
1163,18,0,0,2,13.084715598906358,0,1,3,0,0,1,1,3.7185869042869646,0.0
1164,18,1,3,2,10.672338626184215,7,0,3,1,0,0,0,2.670559614819829,2.0
1165,16,1,1,3,18.880825565618547,11,1,2,1,0,0,0,2.369648013449619,3.0
1166,15,0,0,3,7.925545249834012,13,0,2,0,1,0,0,1.6244868202221543,4.0
1167,18,1,0,1,13.87726684656789,15,1,2,1,1,0,0,2.5374768278143587,2.0
1168,17,1,1,0,9.786454949502428,9,0,4,0,1,0,0,2.298417928509479,3.0
1169,17,1,2,2,10.251524318484233,14,0,3,1,0,0,0,2.2598041504961186,3.0
1170,16,1,2,2,5.35548629208235,20,0,2,0,1,0,0,1.3213433008698847,4.0
1171,18,1,0,2,9.099015536839994,23,0,3,0,1,0,0,0.9499742281238568,4.0
1172,15,0,0,2,9.415699940254145,25,0,2,1,0,0,1,0.818786616073051,4.0
1173,17,1,0,1,14.132850434978678,14,1,3,0,0,0,0,2.3392245127535936,3.0
1174,18,1,0,2,18.81279998372228,9,0,2,0,1,0,0,2.6827762879633723,2.0
1175,18,1,0,1,6.586425549650086,20,1,1,1,0,0,0,1.543837471085622,4.0
1176,16,1,0,2,0.8440093716259689,27,0,3,1,0,0,0,0.1969011048236224,4.0
1177,17,1,2,2,9.925902510012794,6,0,3,0,0,0,0,2.748610257448085,2.0
1178,17,0,3,1,10.889226642983372,25,1,2,1,0,1,0,1.1048937876999445,4.0
1179,15,1,0,1,3.368811022638305,2,0,2,1,0,0,0,2.553439811443938,2.0
1180,17,0,3,2,15.209292125521332,1,0,3,1,0,0,1,3.2742334588098787,1.0
1181,15,0,0,2,19.69858216882984,5,1,3,0,0,0,0,3.1860603780389143,1.0
1182,17,0,0,1,18.91549434016921,20,0,3,1,0,0,0,1.722115750240589,4.0
1183,16,0,0,4,3.942120776473044,8,0,2,1,1,0,0,2.3380463575903736,3.0
1184,17,1,1,2,17.507264798015214,9,1,4,1,1,0,0,3.273998748434336,1.0
1185,15,0,3,4,14.089872728233694,3,0,3,0,0,0,0,2.993502391205279,2.0
1186,15,0,1,2,9.076931276138232,26,1,3,1,0,0,0,0.8963978990233954,4.0
1187,16,1,0,2,10.812219886494582,2,0,3,0,0,0,0,2.9610552588035977,2.0
1188,17,1,1,3,16.99200349964916,8,0,1,1,0,0,0,2.6743510954520984,2.0
1189,17,1,0,2,9.602698792767464,23,0,0,1,1,0,0,1.2178731513333656,4.0
1190,16,0,2,2,7.464147382102537,21,1,3,0,0,0,0,1.36559111032951,4.0
1191,17,1,1,1,9.864949860519715,16,0,2,0,0,0,1,1.5222748446854282,4.0
1192,17,1,0,2,11.582596080700982,13,1,3,0,0,0,0,2.2314023973705024,3.0
1193,15,0,1,1,3.781553075566977,9,0,2,1,0,0,0,2.135266354890094,3.0
1194,17,1,1,1,18.018154605339813,12,0,2,0,0,0,0,2.255698914963147,3.0
1195,17,1,0,0,13.483738976592276,11,1,1,1,0,1,0,2.751145787611705,2.0
1196,16,1,1,0,12.665378346749778,26,0,3,1,1,0,0,0.8976341586164038,4.0
1197,16,1,0,4,1.9899245236127627,0,0,1,1,0,0,1,3.117354434785501,1.0
1198,18,0,2,1,12.083478763451836,27,0,3,1,0,1,0,1.2875951312580094,4.0
1199,15,1,2,2,2.4192132447698467,21,0,2,0,0,0,0,0.5710530980330257,4.0
1200,17,1,2,3,1.573953503907981,28,0,3,1,0,0,0,0.5813557994949716,4.0
1201,17,0,1,2,10.546217912847863,18,0,1,0,0,1,0,1.6434624040739565,4.0
1202,18,1,1,1,8.055710680929899,18,0,1,0,0,0,0,1.2348440407820207,4.0
1203,17,0,0,2,11.776205403124465,5,0,3,0,1,0,1,2.968093619579765,2.0
1204,15,1,2,2,1.784443361144772,12,0,2,1,0,0,0,2.009298479722319,3.0
1205,18,0,0,2,8.619661256945168,18,0,1,1,0,0,0,1.146086034129592,4.0
1206,15,0,0,2,3.4957343009031594,12,1,4,0,0,0,0,2.1923631978552875,3.0
1207,18,0,0,4,19.74200171848233,26,1,1,1,0,0,0,0.94573087329995,4.0
1208,18,0,0,2,11.223004248703488,25,0,2,1,0,0,0,0.5672500284902902,4.0
1209,16,1,1,1,13.748737218817348,21,0,1,0,0,0,0,0.9707643470928292,4.0
1210,15,0,0,2,6.508365613652156,20,1,2,1,0,1,1,1.6560601255004677,4.0
1211,17,1,2,0,1.894778295586883,3,0,2,0,0,1,0,2.8393132491560324,2.0
1212,17,0,0,3,19.517417255670733,23,0,1,0,0,1,1,0.189818059909026,4.0
1213,15,0,0,1,5.7251807076636645,1,0,3,1,0,0,0,3.25829468502287,1.0
1214,17,0,1,1,8.476163703471485,14,1,2,0,0,0,0,1.920055852658896,4.0
1215,17,1,0,3,12.9972784340515,11,0,3,0,0,0,0,2.0217714943693785,3.0
1216,15,0,0,2,0.4939459537222257,29,1,1,1,0,0,0,0.1259330746249498,4.0
1217,18,1,2,1,16.205182610345737,26,1,2,1,0,0,0,1.2870134123902284,4.0
1218,15,1,0,2,10.731563800572406,6,0,0,1,0,1,0,2.591426703229313,2.0
1219,18,1,2,3,5.564343741376443,19,1,3,0,0,0,0,1.4633796485356,4.0
1220,17,1,0,1,1.232159705849385,17,0,3,0,0,0,0,1.465549386433812,4.0
1221,17,1,0,3,3.2499683094888288,22,0,3,1,1,0,1,1.710466837709535,4.0
1222,17,1,2,0,17.900677177068737,12,0,2,0,1,0,1,2.288505685252231,3.0
1223,16,1,0,2,13.72048447871782,16,0,3,0,0,1,0,1.9609688486532324,4.0
1224,18,1,0,3,4.998034432737796,3,0,3,0,0,0,0,2.6216233262773407,2.0
1225,16,1,0,1,1.3120152989005909,24,0,0,1,0,0,0,0.7683163859836675,4.0
1226,16,0,0,2,13.812306247732726,13,0,1,0,0,1,0,1.8064063454058108,4.0
1227,15,0,2,1,11.448154519355302,19,0,2,0,0,0,0,0.88186635307777,4.0
1228,16,0,0,2,8.090390489164701,27,0,3,0,1,0,0,0.8170682206563473,4.0
1229,15,0,2,2,7.272228983801277,12,1,0,0,0,0,0,1.4461325277019692,4.0
1230,15,0,2,2,4.336285518582166,2,0,3,0,1,0,0,3.339094362200312,1.0
1231,16,1,0,1,13.392225130750353,25,0,2,0,0,0,0,0.8196254779474454,4.0
1232,18,1,3,1,19.41336055587741,25,0,2,0,0,0,0,0.6768179731112823,4.0
1233,18,1,0,0,3.514304916736517,17,0,1,0,1,0,1,1.3895448744649723,4.0
1234,18,1,3,1,11.942332400310068,13,0,2,0,1,0,1,1.9915084140251773,4.0
1235,18,1,0,2,8.483701114919524,14,0,0,0,1,0,0,1.6398675504146123,4.0
1236,18,1,1,3,8.933774434893298,2,0,0,0,1,0,0,2.511743020605421,2.0
1237,16,1,0,2,5.082945602556288,0,0,3,0,0,1,0,2.9839199495864985,2.0
1238,16,0,0,2,16.50269751322838,25,1,2,0,0,1,0,1.25865485443205,4.0
1239,17,0,1,4,9.705112082944822,23,1,2,0,0,0,0,1.4179299273727557,4.0
1240,18,0,2,2,10.86811704396528,16,0,1,1,0,1,0,1.5970165723817666,4.0
1241,16,0,0,3,6.095218255946515,2,1,2,0,1,0,0,3.08869986818596,1.0
1242,17,1,0,2,3.636169313338995,13,0,0,1,1,0,0,1.6413414427787147,4.0
1243,18,1,2,1,1.7182077640564095,2,0,2,0,1,0,0,2.5868706562634283,2.0
1244,15,1,1,0,14.282382818498318,12,1,2,0,0,0,0,2.389032645212185,3.0
1245,17,0,3,2,3.924685633757112,14,0,2,1,0,0,0,1.8981464002812247,4.0
1246,16,1,2,1,13.801507083775954,17,0,4,0,1,0,0,2.1104879749817496,3.0
1247,15,1,3,1,7.807528920939077,13,0,2,0,0,0,0,1.7002735894049137,4.0
1248,15,1,2,2,8.315496019793029,20,0,2,1,0,0,0,1.0444999950877136,4.0
1249,15,0,0,2,9.383549921855431,25,0,2,0,1,0,0,1.1941661337644758,4.0
1250,17,1,0,2,7.354170162550863,2,0,1,0,0,1,0,2.6491368281965504,2.0
1251,16,0,2,1,2.0123995444518017,18,0,3,0,1,0,0,1.2341413889277302,4.0
1252,15,0,1,1,6.192636200056915,7,0,2,1,0,0,0,2.127408865912826,3.0
1253,18,0,0,2,13.274687213878767,3,1,1,1,0,0,0,2.913887649138132,2.0
1254,15,0,0,4,13.31568802937742,3,0,3,0,0,0,1,3.119393913150377,1.0
1255,15,1,3,2,5.724486144799887,18,1,0,0,0,0,0,1.0363787383257312,4.0
1256,17,0,1,3,9.20205253115376,10,0,4,1,0,0,1,2.403284547023526,3.0
1257,17,0,0,2,3.8689445602387496,0,1,3,0,0,0,0,3.1565080639094454,1.0
1258,16,1,0,2,4.207441630596716,7,1,2,0,1,1,0,2.723471858740064,2.0
1259,18,1,0,1,0.4609417681321481,14,0,1,1,1,0,0,1.5309511463109082,4.0
1260,17,0,0,2,17.934930998154893,0,0,1,0,0,0,0,3.468581349135728,1.0
1261,15,1,0,2,4.214133301498125,6,0,1,1,0,0,0,2.3020320443414053,3.0
1262,16,0,0,2,4.550677538729266,20,1,1,1,0,0,0,1.265677909199434,4.0
1263,15,0,2,2,5.592028652902636,19,0,2,1,1,0,1,1.479602227739032,4.0
1264,15,0,0,2,2.54816143390858,19,0,4,0,0,1,1,1.4450767191993792,4.0
1265,17,0,2,1,12.785257663627256,23,0,2,0,0,0,0,0.8094338103684621,4.0
1266,16,1,2,2,1.5028590635517314,10,1,3,0,0,0,0,2.1502332699887816,3.0
1267,18,0,0,1,2.6840485265270053,26,0,3,0,0,0,0,0.5591437155118445,4.0
1268,18,1,1,3,12.895134531801858,28,0,3,0,0,0,0,0.5807884851770568,4.0
1269,17,1,0,1,6.793212409628855,13,0,0,0,1,1,1,1.602089195984674,4.0
1270,17,1,2,0,14.158956534023782,21,1,2,0,1,0,0,1.0027983635819373,4.0
1271,16,1,0,2,11.14849489340284,15,0,3,0,0,0,0,1.6630634531990602,4.0
1272,18,0,1,2,5.120423461230262,13,0,3,0,0,0,1,1.5315464597195698,4.0
1273,18,1,1,2,13.016559009786562,11,0,4,0,0,0,0,2.205842147030335,3.0
1274,18,0,0,1,2.325473605857613,16,0,3,0,0,0,1,1.155338560965664,4.0
1275,15,1,0,2,10.728207661600608,13,1,1,0,0,0,0,2.153758339869399,3.0
1276,18,1,1,1,8.742962100900693,9,0,2,1,0,0,1,2.592786686317039,2.0
1277,15,0,2,3,5.357471656348816,23,0,0,1,1,0,0,0.9123305070955544,4.0
1278,16,0,0,3,12.080099954790002,28,1,3,0,0,0,0,0.6956309334599464,4.0
1279,15,0,1,2,17.42667184680565,13,1,2,0,0,0,0,2.139619891368985,3.0
1280,16,1,0,1,19.97809399526153,17,0,3,0,0,0,0,1.5504493308923313,4.0
1281,18,1,2,2,12.15525537486849,21,0,4,0,0,0,1,1.5475367003506038,4.0
1282,18,0,0,0,8.094117486583404,8,1,3,0,0,1,0,2.966548034294946,2.0
1283,16,0,2,2,4.5041420043240326,16,0,2,1,0,0,1,1.6336793710032238,4.0
1284,17,0,0,1,5.141921787902235,5,1,1,0,0,0,0,2.3325403195354064,3.0
1285,16,0,0,3,9.589099562995314,7,1,3,1,1,1,0,3.270262309404739,1.0
1286,17,1,0,0,7.345554025614184,25,0,1,0,0,0,0,0.3464705925902769,4.0
1287,15,0,0,2,18.276290452498884,12,1,1,0,0,0,0,1.8949043363401072,4.0
1288,15,0,1,2,7.365909353114191,17,0,1,0,0,0,0,1.4567426010872695,4.0
1289,15,0,0,2,7.468891822908709,4,0,2,1,0,0,0,2.5537231512721896,2.0
1290,18,0,2,0,7.67069024867954,5,0,1,0,0,0,0,2.224197461212005,3.0
1291,15,1,0,4,16.732404207353163,20,1,4,0,1,1,0,1.8476004181084256,4.0
1292,17,0,0,2,13.015766416938035,18,0,4,1,0,0,0,1.849760707133483,4.0
1293,15,1,0,2,12.283377006377854,3,0,4,0,0,1,0,3.268794215560215,1.0
1294,16,0,0,1,6.682860447677244,6,1,0,0,0,0,1,2.546516637246023,2.0
1295,16,0,0,2,16.35808353664879,3,0,4,0,0,0,0,3.1012292205041274,1.0
1296,18,1,0,2,0.7672772271140227,24,0,4,0,0,1,0,0.6559540779626771,4.0
1297,16,0,0,0,17.415943446762263,10,1,4,0,1,0,0,3.088512305616677,1.0
1298,17,1,0,1,10.254997995878592,11,1,3,0,0,0,0,1.992559805482,4.0
1299,15,1,1,3,7.965004697268256,13,1,3,0,1,0,0,2.605247445547851,2.0
1300,18,0,1,1,9.943345614353714,12,1,1,0,0,0,0,1.7339724542334658,4.0
1301,15,1,0,1,13.348310610676622,28,0,3,1,0,0,0,1.11384878785912,4.0
1302,15,1,0,2,0.2553085303579472,9,0,0,1,0,0,0,1.6492502516618042,4.0
1303,17,1,3,2,17.431037129164956,17,0,2,0,0,0,0,1.3375549802098765,4.0
1304,16,1,1,0,8.934790506227856,15,0,4,0,0,0,0,1.9846599185571745,4.0
1305,16,1,1,2,6.859330394001564,4,0,2,0,1,1,0,3.060881655966949,1.0
1306,15,1,0,1,2.764911312681142,7,1,1,0,0,0,0,2.3928973584250004,3.0
1307,18,1,2,0,8.789307487168843,13,0,4,0,0,0,0,2.0837969900967988,3.0
1308,16,1,2,0,9.926455425687577,4,0,4,0,1,0,1,3.64573804877044,0.0
1309,18,0,1,3,8.072933889869557,25,0,1,1,0,0,0,0.322286081625407,4.0
1310,16,0,3,1,13.573201876537942,27,0,3,0,1,0,0,1.129514334361546,4.0
1311,18,1,0,0,8.41793057518452,23,0,2,1,0,0,0,0.6307569438666114,4.0
1312,17,0,0,2,19.228351556931468,7,0,2,0,0,1,1,3.157229638804093,1.0
1313,18,1,2,3,11.985550356471837,24,0,1,0,0,0,0,0.680087787496653,4.0
1314,17,1,2,1,16.14955871303818,25,0,0,0,0,0,0,0.7963598478866475,4.0
1315,17,0,0,2,2.187118062189577,5,1,1,0,1,0,0,2.844039214925591,2.0
1316,18,1,0,0,7.945825858918114,15,1,0,0,1,0,0,1.253451854215859,4.0
1317,17,1,0,2,6.736954028943054,27,0,4,0,0,0,0,0.534508880538856,4.0
1318,15,1,0,2,11.389647762731837,3,1,3,1,0,0,0,3.191046118219917,1.0
1319,17,1,2,2,17.222270401228513,11,0,3,0,0,1,0,2.81542127530912,2.0
1320,16,0,1,1,1.5667643552401334,10,0,3,0,0,0,0,2.1571223032650955,3.0
1321,18,1,0,1,1.4514959608942155,2,0,1,1,0,0,0,2.7238280604010647,2.0
1322,15,1,0,1,17.00635416315198,11,0,4,1,0,0,0,2.627693905554347,2.0
1323,18,1,0,1,4.257001720767148,29,1,3,1,1,0,0,0.9124156208354256,4.0
1324,16,0,0,0,13.375065088996276,4,0,2,0,0,0,0,2.609623081817451,2.0
1325,16,1,1,2,10.857562647216104,5,1,1,0,1,0,0,2.981992255406158,2.0
1326,16,0,3,4,16.657871897744588,18,0,3,0,0,0,0,1.625082773696198,4.0
1327,17,0,2,4,2.5017781967280706,17,0,3,0,1,0,0,1.3616984178594074,4.0
1328,17,1,0,3,2.595659314452225,15,1,3,0,0,0,0,1.9169618961294344,4.0
1329,18,1,2,2,11.13636720556615,22,0,0,0,0,0,0,1.011253194616751,4.0
1330,18,0,2,2,18.92757306716742,10,0,1,1,1,0,0,2.3321590405051187,3.0
1331,15,1,2,1,8.299955167415085,4,0,2,1,1,1,0,3.387938347765993,1.0
1332,15,0,0,2,6.538842005093899,8,0,3,0,1,0,0,2.384690791358408,3.0
1333,18,0,0,2,12.133786463957716,2,0,0,0,0,0,0,2.7808169956104924,2.0
1334,17,1,0,2,18.608972010900622,29,0,2,0,1,0,1,0.5348357535394734,4.0
1335,16,1,0,2,16.738556656892474,7,0,2,0,0,0,0,2.542214348782037,2.0
1336,18,0,0,1,19.9096722146644,5,0,3,0,0,0,0,3.0071290674312805,1.0
1337,15,0,0,1,0.4513716640475418,3,0,2,1,0,0,0,2.9858098143768106,2.0
1338,17,0,0,3,2.2571628942552446,11,0,2,0,1,0,0,1.9493060573283008,4.0
1339,18,0,2,0,12.18935526733244,11,0,3,0,0,0,0,2.1478451963634986,3.0
1340,18,1,0,2,16.411528786676996,24,0,4,0,0,0,1,1.1757680252358405,4.0
1341,17,1,0,3,5.704886846135331,20,0,1,1,0,0,0,1.4003632540944204,4.0
1342,18,1,3,2,4.784221760684375,15,0,1,1,0,1,0,1.7555440233413917,4.0
1343,17,1,3,2,15.739515987624015,9,0,4,1,0,1,0,2.900096239205548,2.0
1344,16,1,2,1,1.1276370770646316,21,0,2,0,0,0,0,1.0334594906901564,4.0
1345,17,0,3,1,7.387652951651702,13,0,3,0,0,0,1,1.907742363387151,4.0
1346,17,1,1,3,10.116184451846594,12,0,3,0,0,0,0,1.880909289765476,4.0
1347,17,1,3,2,11.206973487006469,8,0,1,0,1,1,0,2.614950353949793,2.0
1348,18,1,0,2,14.572303135855538,6,0,3,1,0,1,0,3.1071355935726115,1.0
1349,18,1,0,0,7.096914468613164,11,0,3,0,0,0,0,1.3864645615000095,4.0
1350,17,1,0,0,12.253686893492144,4,0,2,0,0,0,0,2.833760071844812,2.0
1351,18,0,0,4,11.707508455819127,17,0,0,0,0,1,0,1.0861513973549914,4.0
1352,15,0,0,1,10.952322013074944,3,0,4,0,0,0,0,2.874037360035303,2.0
1353,15,0,1,2,12.809665862844245,1,0,2,0,1,0,0,2.895671304659184,2.0
1354,18,1,2,0,5.188983421361526,2,1,3,0,0,0,0,3.1813076022771107,1.0
1355,18,0,1,2,1.6929750716925795,25,0,3,0,0,0,0,0.4712831088434319,4.0
1356,17,0,0,3,2.3854334407948685,11,1,2,0,0,0,0,2.2113795279733512,3.0
1357,16,1,2,2,4.491647653078021,2,1,3,1,1,0,0,3.375252255246081,1.0
1358,18,1,1,1,10.003958710455706,3,0,4,0,1,0,0,3.203858190796927,1.0
1359,15,1,0,2,16.808855010920404,5,0,2,0,0,1,0,3.3501791105924874,1.0
1360,17,0,1,2,14.025866841767682,11,0,2,0,0,0,0,1.7257915297427142,4.0
1361,18,0,0,2,15.780812084040942,18,0,4,1,0,0,0,2.2166038146961022,3.0
1362,15,1,0,3,7.019512478521827,9,0,1,1,0,0,1,2.0046273170074884,3.0
1363,15,1,3,2,8.093074832971004,29,1,0,0,0,0,0,0.7157420455446748,4.0
1364,16,0,0,3,7.873637719812256,0,1,4,0,0,1,0,3.8806400848697424,0.0
1365,17,0,0,2,3.8374636880900304,16,0,3,1,0,1,0,1.689528158418944,4.0
1366,17,1,2,1,1.2243331628714405,15,0,4,1,1,0,1,1.7579788035014272,4.0
1367,16,1,2,1,11.818321856544536,8,0,0,0,0,0,0,2.136399546240388,3.0
1368,16,0,0,1,19.784333668411723,24,1,1,0,1,0,0,0.911568270646688,4.0
1369,17,1,0,3,3.3365940990052567,20,1,1,0,0,0,0,1.1378011102056016,4.0
1370,17,0,0,2,0.9336963979854752,8,1,3,1,0,0,1,2.34926492736688,3.0
1371,18,0,1,2,15.59063363647866,26,0,3,0,0,0,0,0.6237474365472879,4.0
1372,18,0,0,1,5.051720133694484,22,0,2,0,0,1,0,0.3410294459251265,4.0
1373,16,0,0,1,16.59287610705857,8,0,0,0,0,0,0,2.223813666751698,3.0
1374,18,1,3,2,14.078733340690308,11,0,3,0,0,0,1,2.328240384630152,3.0
1375,15,1,1,2,18.91347074101609,22,1,2,1,0,0,0,1.6230778220088506,4.0
1376,18,0,0,1,8.178544715133441,8,1,1,1,0,0,0,2.200896321528595,3.0
1377,18,0,1,2,13.239396789012684,14,0,4,0,1,0,0,2.5841106550638626,2.0
1378,15,0,1,0,9.297095616265414,1,0,1,1,0,0,0,2.9965033042477023,2.0
1379,16,0,0,1,12.61177394617087,10,0,3,0,0,1,0,2.373993481435845,3.0
1380,15,0,0,2,8.991978120154746,10,1,3,1,0,0,0,2.8304044557095467,2.0
1381,18,1,2,1,3.7726449284814967,7,0,2,1,1,0,1,2.5251155338354896,2.0
1382,16,1,0,4,10.157948320067618,22,0,1,1,0,0,0,1.0429816505882752,4.0
1383,18,1,1,1,10.571684028748846,5,0,2,1,0,0,1,2.661096903670216,2.0
1384,15,1,0,1,16.21207696520322,20,0,3,0,0,0,0,1.599593887728051,4.0
1385,15,0,0,1,14.710414115871624,19,1,1,1,0,0,0,1.7994091491725042,4.0
1386,18,0,0,2,13.275832478828882,6,0,3,0,0,0,0,2.6576385566960075,2.0
1387,17,0,0,2,2.2677419110514507,2,0,4,0,0,0,0,2.998484061883098,2.0
1388,17,0,0,2,14.4123258132743,7,0,4,0,0,1,0,2.977408432892682,2.0
1389,15,0,0,0,10.006103127090295,17,0,2,0,0,0,0,1.3751641369478076,4.0
1390,15,1,2,0,17.881990722123184,16,0,3,1,0,0,1,1.84886644019124,4.0
1391,17,0,3,2,18.39741868261085,10,0,4,0,0,0,0,2.442456200129272,3.0
1392,17,1,2,3,1.1031318120357092,1,0,2,1,0,0,0,2.8560385143532114,2.0
1393,18,1,2,3,16.412831207089575,24,1,1,1,0,0,0,1.206150230255099,4.0
1394,18,1,0,0,0.7539478084534124,20,0,1,1,1,0,0,0.8959029903990774,4.0
1395,17,1,3,2,7.343392513900453,26,0,1,0,0,0,0,0.2731909291583428,4.0
1396,18,0,0,3,10.845999512421582,23,0,3,0,0,1,0,0.66750896106505,4.0
1397,18,1,3,1,2.962015972542549,18,0,2,0,0,0,0,1.0894406041524294,4.0
1398,16,1,3,3,14.926276251381536,6,0,3,0,0,0,0,2.813211008121627,2.0
1399,18,1,2,1,0.1670940834427714,17,1,3,1,0,0,1,1.8687585897071977,4.0
1400,15,0,3,3,3.3719809686807367,7,0,3,1,1,0,0,3.0356935955108426,1.0
1401,18,0,1,2,11.615936597069512,13,0,3,0,0,0,1,2.13535680128746,3.0
1402,18,0,0,3,14.287751240745848,6,0,0,1,0,1,0,3.038116129209991,1.0
1403,17,1,0,2,18.332862053878323,27,0,3,0,1,0,0,0.9941294103867458,4.0
1404,15,1,1,1,14.109933038692477,20,0,2,0,0,0,0,1.2325571657328191,4.0
1405,18,0,0,3,13.43558540509732,27,0,2,0,1,0,0,0.8644037429995793,4.0
1406,18,1,1,1,7.886822927013286,26,0,0,0,0,0,0,0.1152318548488273,4.0
1407,16,0,3,1,0.0256885105360282,3,0,4,1,0,0,0,2.934586305266487,2.0
1408,18,0,0,2,2.403185174712439,16,0,4,1,0,0,0,2.0469388171096283,3.0
1409,18,1,2,2,10.691090895120784,4,0,2,1,0,0,0,3.065473133634235,1.0
1410,0,0,0,0,20.0,0,0,0,1,1,1,1,4.0,0.0
1411,0,0,0,0,0.0,0,0,0,1,1,1,1,0.0,0.0
1412,0,0,0,0,0.0,0,0,0,1,1,1,1,3.82,0.0
1413,0,0,0,0,12.5,0,0,0,1,1,1,1,3.5,0.0
1414,0,0,0,0,20.0,0,0,0,1,1,1,1,4.0,0.0
1415,0,0,0,0,13.5,5,0,0,1,0,0,0,2.6,0.0
